"(Renewed) Apple iPhone 12, 64GB, Blue - Fully Unlocked",$724.99
"New Apple iPhone 12 Mini (64GB, Black) Unlocked",$729.00
"Apple iPhone 12 Mini, 64GB, Blue - Fully Unlocked (Renewed)",$589.99
"(Renewed) Apple iPhone 11, 64GB, Purple - Fully Unlocked",$489.00
"Apple iPhone 12 Pro, 128GB, Graphite - Fully Unlocked (Renewed)",$969.99
"(Refurbished) Apple iPhone 11 Pro Max, US Version, 256GB, Space Gray - Unlocked",$834.00
"Apple iPhone 11, 256GB, Black - Unlocked (Renewed Premium)",$641.00
Apple iPhone Xs 5.8in Smartphone GSM Unlocked 64GB 12MP 4G LTE (Renewed) (Gold),$389.97
"Apple iPhone 8 Plus, US Version, 256GB, Silver - Unlocked (Renewed)",$327.99
"Apple iPhone 11 Pro, 64GB, Gold - for Boost Mobile (Renewed)",$699.97
"Apple iPhone 12 Mini, 64GB, White - Sprint (Renewed)",$588.97
"Apple iPhone 12, 64GB, Black - T-Mobile (Renewed)",$721.99
"(Refurbished) Apple iPhone 11 Pro, US Version, 64GB, Space Gray - Unlocked",$649.00
"Apple iPhone 11 Pro, 64GB, Midnight Green - for Boost Mobile (Renewed)",$669.97
"(Renewed) Apple iPhone XR, US Version, 64GB, Blue - Unlocked",$339.00
"Apple iPhone 11 Pro, 64GB, Midnight Green - for Boost Mobile (Renewed)",$669.97
"(Renewed) Apple iPhone XS, US Version, 64GB, Space Gray - Unlocked",$359.86
"(Renewed) Apple iPhone X, 64GB, Space Gray - Fully Unlocked",$331.60
"Apple iPhone XS, 64GB, Gold - For AT&amp;T (Renewed)",$389.97
"Apple iPhone 11 Pro, 64GB, Space Gray - for Boost Mobile (Renewed)",$684.97
"Apple iPhone XS Max, 64GB, Space Gray - For Verizon (Renewed)",$472.94
